driver_number,driver,year,event,team,FP1_air_temp,FP1_humidity,FP1_rainfall,FP1_pressure,FP1_wind_speed,FP1_wind_direction,FP1_track_temp,FP1_total_time,FP2_air_temp,FP2_humidity,FP2_rainfall,FP2_pressure,FP2_wind_speed,FP2_wind_direction,FP2_track_temp,FP2_total_time,FP3_air_temp,FP3_humidity,FP3_rainfall,FP3_pressure,FP3_wind_speed,FP3_wind_direction,FP3_track_temp,FP3_total_time,Q_air_temp,Q_humidity,Q_rainfall,Q_pressure,Q_wind_speed,Q_wind_direction,Q_track_temp,Q_total_time,R_air_temp,R_humidity,R_rainfall,R_pressure,R_wind_speed,R_wind_direction,R_track_temp,R_total_time,race_position
1,VER,2024,Australia Grand Prix,Red Bull Racing,18.469135802469136,61.01234567901235,0.0,1023.5641975308641,1.262962962962963,142.54320987654322,33.70987654320987,102.739246,20.157317073170734,56.926829268292686,0.0,1022.0512195121953,1.803658536585366,147.47560975609755,36.15731707317073,97.185476,18.27283950617284,59.39506172839506,0.0,1025.324691358025,1.4333333333333333,133.25925925925927,27.669135802469132,93.483447,18.742307692307687,53.58974358974359,0.02564102564102564,1024.023076923077,1.4794871794871793,143.4102564102564,34.414102564102556,98.397042,20.62222222222222,44.451388888888886,0.0,1020.6013888888889,0.9534722222222223,154.78472222222223,38.40208333333333,83.287416,R
2,SAR,2024,Australia Grand Prix,Williams,18.469135802469136,61.01234567901235,0.0,1023.5641975308641,1.262962962962963,142.54320987654322,33.70987654320987,98.084295,20.157317073170734,56.926829268292686,0.0,1022.0512195121953,1.803658536585366,147.47560975609755,36.15731707317073,94.602736,,,,,,,,,,,,,,,,,,,,,,,,,
3,RIC,2024,Australia Grand Prix,RB,18.469135802469136,61.01234567901235,0.0,1023.5641975308641,1.262962962962963,142.54320987654322,33.70987654320987,105.248894,20.157317073170734,56.926829268292686,0.0,1022.0512195121953,1.803658536585366,147.47560975609755,36.15731707317073,96.523389,18.27283950617284,59.39506172839506,0.0,1025.324691358025,1.4333333333333333,133.25925925925927,27.669135802469132,100.682616,18.742307692307687,53.58974358974359,0.02564102564102564,1024.023076923077,1.4794871794871793,143.4102564102564,34.414102564102556,93.306416,20.62222222222222,44.451388888888886,0.0,1020.6013888888889,0.9534722222222223,154.78472222222223,38.40208333333333,84.694672,12
4,NOR,2024,Australia Grand Prix,McLaren,18.469135802469136,61.01234567901235,0.0,1023.5641975308641,1.262962962962963,142.54320987654322,33.70987654320987,98.581947,20.157317073170734,56.926829268292686,0.0,1022.0512195121953,1.803658536585366,147.47560975609755,36.15731707317073,93.771958,18.27283950617284,59.39506172839506,0.0,1025.324691358025,1.4333333333333333,133.25925925925927,27.669135802469132,97.345727,18.742307692307687,53.58974358974359,0.02564102564102564,1024.023076923077,1.4794871794871793,143.4102564102564,34.414102564102556,92.064222,20.62222222222222,44.451388888888886,0.0,1020.6013888888889,0.9534722222222223,154.78472222222223,38.40208333333333,83.213935,3
10,GAS,2024,Australia Grand Prix,Alpine,18.469135802469136,61.01234567901235,0.0,1023.5641975308641,1.262962962962963,142.54320987654322,33.70987654320987,97.104865,20.157317073170734,56.926829268292686,0.0,1022.0512195121953,1.803658536585366,147.47560975609755,36.15731707317073,93.98786,18.27283950617284,59.39506172839506,0.0,1025.324691358025,1.4333333333333333,133.25925925925927,27.669135802469132,98.213157,18.742307692307687,53.58974358974359,0.02564102564102564,1024.023076923077,1.4794871794871793,143.4102564102564,34.414102564102556,91.227155,20.62222222222222,44.451388888888886,0.0,1020.6013888888889,0.9534722222222223,154.78472222222223,38.40208333333333,85.131864,13
11,PER,2024,Australia Grand Prix,Red Bull Racing,18.469135802469136,61.01234567901235,0.0,1023.5641975308641,1.262962962962963,142.54320987654322,33.70987654320987,105.462167,20.157317073170734,56.926829268292686,0.0,1022.0512195121953,1.803658536585366,147.47560975609755,36.15731707317073,96.072484,18.27283950617284,59.39506172839506,0.0,1025.324691358025,1.4333333333333333,133.25925925925927,27.669135802469132,96.06227,18.742307692307687,53.58974358974359,0.02564102564102564,1024.023076923077,1.4794871794871793,143.4102564102564,34.414102564102556,97.995342,20.62222222222222,44.451388888888886,0.0,1020.6013888888889,0.9534722222222223,154.78472222222223,38.40208333333333,84.059169,5
14,ALO,2024,Australia Grand Prix,Aston Martin,18.469135802469136,61.01234567901235,0.0,1023.5641975308641,1.262962962962963,142.54320987654322,33.70987654320987,95.612447,20.157317073170734,56.926829268292686,0.0,1022.0512195121953,1.803658536585366,147.47560975609755,36.15731707317073,92.709921,18.27283950617284,59.39506172839506,0.0,1025.324691358025,1.4333333333333333,133.25925925925927,27.669135802469132,101.109575,18.742307692307687,53.58974358974359,0.02564102564102564,1024.023076923077,1.4794871794871793,143.4102564102564,34.414102564102556,91.118187,20.62222222222222,44.451388888888886,0.0,1020.6013888888889,0.9534722222222223,154.78472222222223,38.40208333333333,84.456398,8
16,LEC,2024,Australia Grand Prix,Ferrari,18.469135802469136,61.01234567901235,0.0,1023.5641975308641,1.262962962962963,142.54320987654322,33.70987654320987,103.024857,20.157317073170734,56.926829268292686,0.0,1022.0512195121953,1.803658536585366,147.47560975609755,36.15731707317073,98.985918,18.27283950617284,59.39506172839506,0.0,1025.324691358025,1.4333333333333333,133.25925925925927,27.669135802469132,104.434043,18.742307692307687,53.58974358974359,0.02564102564102564,1024.023076923077,1.4794871794871793,143.4102564102564,34.414102564102556,97.876833,20.62222222222222,44.451388888888886,0.0,1020.6013888888889,0.9534722222222223,154.78472222222223,38.40208333333333,83.144135,2
18,STR,2024,Australia Grand Prix,Aston Martin,18.469135802469136,61.01234567901235,0.0,1023.5641975308641,1.262962962962963,142.54320987654322,33.70987654320987,96.913835,20.157317073170734,56.926829268292686,0.0,1022.0512195121953,1.803658536585366,147.47560975609755,36.15731707317073,95.420766,18.27283950617284,59.39506172839506,0.0,1025.324691358025,1.4333333333333333,133.25925925925927,27.669135802469132,101.000752,18.742307692307687,53.58974358974359,0.02564102564102564,1024.023076923077,1.4794871794871793,143.4102564102564,34.414102564102556,91.553222,20.62222222222222,44.451388888888886,0.0,1020.6013888888889,0.9534722222222223,154.78472222222223,38.40208333333333,84.690517,6
20,MAG,2024,Australia Grand Prix,Haas F1 Team,18.469135802469136,61.01234567901235,0.0,1023.5641975308641,1.262962962962963,142.54320987654322,33.70987654320987,100.701134,20.157317073170734,56.926829268292686,0.0,1022.0512195121953,1.803658536585366,147.47560975609755,36.15731707317073,94.993605,18.27283950617284,59.39506172839506,0.0,1025.324691358025,1.4333333333333333,133.25925925925927,27.669135802469132,101.540855,18.742307692307687,53.58974358974359,0.02564102564102564,1024.023076923077,1.4794871794871793,143.4102564102564,34.414102564102556,90.310085,20.62222222222222,44.451388888888886,0.0,1020.6013888888889,0.9534722222222223,154.78472222222223,38.40208333333333,84.584562,10
22,TSU,2024,Australia Grand Prix,RB,18.469135802469136,61.01234567901235,0.0,1023.5641975308641,1.262962962962963,142.54320987654322,33.70987654320987,100.968451,20.157317073170734,56.926829268292686,0.0,1022.0512195121953,1.803658536585366,147.47560975609755,36.15731707317073,100.302939,18.27283950617284,59.39506172839506,0.0,1025.324691358025,1.4333333333333333,133.25925925925927,27.669135802469132,105.864931,18.742307692307687,53.58974358974359,0.02564102564102564,1024.023076923077,1.4794871794871793,143.4102564102564,34.414102564102556,94.563303,20.62222222222222,44.451388888888886,0.0,1020.6013888888889,0.9534722222222223,154.78472222222223,38.40208333333333,84.724402,7
23,ALB,2024,Australia Grand Prix,Williams,18.469135802469136,61.01234567901235,0.0,1023.5641975308641,1.262962962962963,142.54320987654322,33.70987654320987,96.309672,,,,,,,,,18.27283950617284,59.39506172839506,0.0,1025.324691358025,1.4333333333333333,133.25925925925927,27.669135802469132,98.204573,18.742307692307687,53.58974358974359,0.02564102564102564,1024.023076923077,1.4794871794871793,143.4102564102564,34.414102564102556,91.390674,20.62222222222222,44.451388888888886,0.0,1020.6013888888889,0.9534722222222223,154.78472222222223,38.40208333333333,84.60477,11
24,ZHO,2024,Australia Grand Prix,Kick Sauber,18.469135802469136,61.01234567901235,0.0,1023.5641975308641,1.262962962962963,142.54320987654322,33.70987654320987,103.297762,20.157317073170734,56.926829268292686,0.0,1022.0512195121953,1.803658536585366,147.47560975609755,36.15731707317073,96.571878,18.27283950617284,59.39506172839506,0.0,1025.324691358025,1.4333333333333333,133.25925925925927,27.669135802469132,108.42115,18.742307692307687,53.58974358974359,0.02564102564102564,1024.023076923077,1.4794871794871793,143.4102564102564,34.414102564102556,96.710253,20.62222222222222,44.451388888888886,0.0,1020.6013888888889,0.9534722222222223,154.78472222222223,38.40208333333333,85.214549,15
27,HUL,2024,Australia Grand Prix,Haas F1 Team,18.469135802469136,61.01234567901235,0.0,1023.5641975308641,1.262962962962963,142.54320987654322,33.70987654320987,99.21742,20.157317073170734,56.926829268292686,0.0,1022.0512195121953,1.803658536585366,147.47560975609755,36.15731707317073,94.935928,18.27283950617284,59.39506172839506,0.0,1025.324691358025,1.4333333333333333,133.25925925925927,27.669135802469132,100.582953,18.742307692307687,53.58974358974359,0.02564102564102564,1024.023076923077,1.4794871794871793,143.4102564102564,34.414102564102556,87.863142,20.62222222222222,44.451388888888886,0.0,1020.6013888888889,0.9534722222222223,154.78472222222223,38.40208333333333,84.846222,9
31,OCO,2024,Australia Grand Prix,Alpine,18.469135802469136,61.01234567901235,0.0,1023.5641975308641,1.262962962962963,142.54320987654322,33.70987654320987,102.429274,20.157317073170734,56.926829268292686,0.0,1022.0512195121953,1.803658536585366,147.47560975609755,36.15731707317073,94.675173,18.27283950617284,59.39506172839506,0.0,1025.324691358025,1.4333333333333333,133.25925925925927,27.669135802469132,96.496756,18.742307692307687,53.58974358974359,0.02564102564102564,1024.023076923077,1.4794871794871793,143.4102564102564,34.414102564102556,96.984272,20.62222222222222,44.451388888888886,0.0,1020.6013888888889,0.9534722222222223,154.78472222222223,38.40208333333333,85.459128,16
44,HAM,2024,Australia Grand Prix,Mercedes,18.469135802469136,61.01234567901235,0.0,1023.5641975308641,1.262962962962963,142.54320987654322,33.70987654320987,101.255512,20.157317073170734,56.926829268292686,0.0,1022.0512195121953,1.803658536585366,147.47560975609755,36.15731707317073,102.87235,18.27283950617284,59.39506172839506,0.0,1025.324691358025,1.4333333333333333,133.25925925925927,27.669135802469132,109.953583,18.742307692307687,53.58974358974359,0.02564102564102564,1024.023076923077,1.4794871794871793,143.4102564102564,34.414102564102556,94.318483,20.62222222222222,44.451388888888886,0.0,1020.6013888888889,0.9534722222222223,154.78472222222223,38.40208333333333,84.663223,R
55,SAI,2024,Australia Grand Prix,Ferrari,18.469135802469136,61.01234567901235,0.0,1023.5641975308641,1.262962962962963,142.54320987654322,33.70987654320987,111.099607,20.157317073170734,56.926829268292686,0.0,1022.0512195121953,1.803658536585366,147.47560975609755,36.15731707317073,100.239721,18.27283950617284,59.39506172839506,0.0,1025.324691358025,1.4333333333333333,133.25925925925927,27.669135802469132,101.601352,18.742307692307687,53.58974358974359,0.02564102564102564,1024.023076923077,1.4794871794871793,143.4102564102564,34.414102564102556,92.568559,20.62222222222222,44.451388888888886,0.0,1020.6013888888889,0.9534722222222223,154.78472222222223,38.40208333333333,83.127332,1
63,RUS,2024,Australia Grand Prix,Mercedes,18.469135802469136,61.01234567901235,0.0,1023.5641975308641,1.262962962962963,142.54320987654322,33.70987654320987,99.425294,20.157317073170734,56.926829268292686,0.0,1022.0512195121953,1.803658536585366,147.47560975609755,36.15731707317073,96.832089,18.27283950617284,59.39506172839506,0.0,1025.324691358025,1.4333333333333333,133.25925925925927,27.669135802469132,103.446136,18.742307692307687,53.58974358974359,0.02564102564102564,1024.023076923077,1.4794871794871793,143.4102564102564,34.414102564102556,96.673313,20.62222222222222,44.451388888888886,0.0,1020.6013888888889,0.9534722222222223,154.78472222222223,38.40208333333333,83.517051,17
77,BOT,2024,Australia Grand Prix,Kick Sauber,18.469135802469136,61.01234567901235,0.0,1023.5641975308641,1.262962962962963,142.54320987654322,33.70987654320987,99.665629,20.157317073170734,56.926829268292686,0.0,1022.0512195121953,1.803658536585366,147.47560975609755,36.15731707317073,92.572522,18.27283950617284,59.39506172839506,0.0,1025.324691358025,1.4333333333333333,133.25925925925927,27.669135802469132,100.873462,18.742307692307687,53.58974358974359,0.02564102564102564,1024.023076923077,1.4794871794871793,143.4102564102564,34.414102564102556,93.126163,20.62222222222222,44.451388888888886,0.0,1020.6013888888889,0.9534722222222223,154.78472222222223,38.40208333333333,85.271804,14
81,PIA,2024,Australia Grand Prix,McLaren,18.469135802469136,61.01234567901235,0.0,1023.5641975308641,1.262962962962963,142.54320987654322,33.70987654320987,97.001034,20.157317073170734,56.926829268292686,0.0,1022.0512195121953,1.803658536585366,147.47560975609755,36.15731707317073,91.090096,18.27283950617284,59.39506172839506,0.0,1025.324691358025,1.4333333333333333,133.25925925925927,27.669135802469132,98.063939,18.742307692307687,53.58974358974359,0.02564102564102564,1024.023076923077,1.4794871794871793,143.4102564102564,34.414102564102556,93.400813,20.62222222222222,44.451388888888886,0.0,1020.6013888888889,0.9534722222222223,154.78472222222223,38.40208333333333,83.721081,4
1,VER,2023,Australia Grand Prix,Red Bull Racing,18.069354838709682,61.83870967741935,0.0,1012.4725806451611,1.1564516129032254,180.59677419354838,32.34516129032258,106.01763,15.930487804878046,77.36585365853658,0.4268292682926829,1012.6085365853658,1.3231707317073171,143.47560975609755,23.851219512195122,113.282305,14.895238095238094,59.654761904761905,0.07142857142857142,1019.4571428571428,1.4059523809523806,131.42857142857142,23.510714285714283,92.435565,15.20421052631579,53.4,0.042105263157894736,1018.9305263157893,1.3221052631578945,127.18947368421053,22.71263157894737,92.931527,17.449549549549552,54.15765765765766,0.0,1018.3666666666666,1.1270270270270266,138.07207207207207,30.13963963963964,92.563055,1
2,SAR,2023,Australia Grand Prix,Williams,18.069354838709682,61.83870967741935,0.0,1012.4725806451611,1.1564516129032254,180.59677419354838,32.34516129032258,103.379002,,,,,,,,,14.895238095238094,59.654761904761905,0.07142857142857142,1019.4571428571428,1.4059523809523806,131.42857142857142,23.510714285714283,100.62497,15.20421052631579,53.4,0.042105263157894736,1018.9305263157893,1.3221052631578945,127.18947368421053,22.71263157894737,96.753901,17.449549549549552,54.15765765765766,0.0,1018.3666666666666,1.1270270270270266,138.07207207207207,30.13963963963964,92.435727,16
4,NOR,2023,Australia Grand Prix,McLaren,18.069354838709682,61.83870967741935,0.0,1012.4725806451611,1.1564516129032254,180.59677419354838,32.34516129032258,103.074999,15.930487804878046,77.36585365853658,0.4268292682926829,1012.6085365853658,1.3231707317073171,143.47560975609755,23.851219512195122,103.6205,14.895238095238094,59.654761904761905,0.07142857142857142,1019.4571428571428,1.4059523809523806,131.42857142857142,23.510714285714283,88.912037,15.20421052631579,53.4,0.042105263157894736,1018.9305263157893,1.3221052631578945,127.18947368421053,22.71263157894737,96.200701,17.449549549549552,54.15765765765766,0.0,1018.3666666666666,1.1270270270270266,138.07207207207207,30.13963963963964,90.917058,6
10,GAS,2023,Australia Grand Prix,Alpine,18.069354838709682,61.83870967741935,0.0,1012.4725806451611,1.1564516129032254,180.59677419354838,32.34516129032258,92.649371,15.930487804878046,77.36585365853658,0.4268292682926829,1012.6085365853658,1.3231707317073171,143.47560975609755,23.851219512195122,107.568458,14.895238095238094,59.654761904761905,0.07142857142857142,1019.4571428571428,1.4059523809523806,131.42857142857142,23.510714285714283,96.813867,15.20421052631579,53.4,0.042105263157894736,1018.9305263157893,1.3221052631578945,127.18947368421053,22.71263157894737,90.63341,17.449549549549552,54.15765765765766,0.0,1018.3666666666666,1.1270270270270266,138.07207207207207,30.13963963963964,89.059256,13
11,PER,2023,Australia Grand Prix,Red Bull Racing,18.069354838709682,61.83870967741935,0.0,1012.4725806451611,1.1564516129032254,180.59677419354838,32.34516129032258,103.33269,15.930487804878046,77.36585365853658,0.4268292682926829,1012.6085365853658,1.3231707317073171,143.47560975609755,23.851219512195122,111.694466,14.895238095238094,59.654761904761905,0.07142857142857142,1019.4571428571428,1.4059523809523806,131.42857142857142,23.510714285714283,100.655168,15.20421052631579,53.4,0.042105263157894736,1018.9305263157893,1.3221052631578945,127.18947368421053,22.71263157894737,100.187,17.449549549549552,54.15765765765766,0.0,1018.3666666666666,1.1270270270270266,138.07207207207207,30.13963963963964,91.875477,5
14,ALO,2023,Australia Grand Prix,Aston Martin,18.069354838709682,61.83870967741935,0.0,1012.4725806451611,1.1564516129032254,180.59677419354838,32.34516129032258,91.976819,15.930487804878046,77.36585365853658,0.4268292682926829,1012.6085365853658,1.3231707317073171,143.47560975609755,23.851219512195122,110.258307,14.895238095238094,59.654761904761905,0.07142857142857142,1019.4571428571428,1.4059523809523806,131.42857142857142,23.510714285714283,94.660226,15.20421052631579,53.4,0.042105263157894736,1018.9305263157893,1.3221052631578945,127.18947368421053,22.71263157894737,93.912968,17.449549549549552,54.15765765765766,0.0,1018.3666666666666,1.1270270270270266,138.07207207207207,30.13963963963964,91.073258,3
16,LEC,2023,Australia Grand Prix,Ferrari,18.069354838709682,61.83870967741935,0.0,1012.4725806451611,1.1564516129032254,180.59677419354838,32.34516129032258,96.515707,15.930487804878046,77.36585365853658,0.4268292682926829,1012.6085365853658,1.3231707317073171,143.47560975609755,23.851219512195122,101.863042,14.895238095238094,59.654761904761905,0.07142857142857142,1019.4571428571428,1.4059523809523806,131.42857142857142,23.510714285714283,97.808601,15.20421052631579,53.4,0.042105263157894736,1018.9305263157893,1.3221052631578945,127.18947368421053,22.71263157894737,101.609416,17.449549549549552,54.15765765765766,0.0,1018.3666666666666,1.1270270270270266,138.07207207207207,30.13963963963964,0.0,R
18,STR,2023,Australia Grand Prix,Aston Martin,18.069354838709682,61.83870967741935,0.0,1012.4725806451611,1.1564516129032254,180.59677419354838,32.34516129032258,100.885988,15.930487804878046,77.36585365853658,0.4268292682926829,1012.6085365853658,1.3231707317073171,143.47560975609755,23.851219512195122,106.430054,14.895238095238094,59.654761904761905,0.07142857142857142,1019.4571428571428,1.4059523809523806,131.42857142857142,23.510714285714283,94.939479,15.20421052631579,53.4,0.042105263157894736,1018.9305263157893,1.3221052631578945,127.18947368421053,22.71263157894737,97.263586,17.449549549549552,54.15765765765766,0.0,1018.3666666666666,1.1270270270270266,138.07207207207207,30.13963963963964,91.084421,4
20,MAG,2023,Australia Grand Prix,Haas F1 Team,18.069354838709682,61.83870967741935,0.0,1012.4725806451611,1.1564516129032254,180.59677419354838,32.34516129032258,95.145169,15.930487804878046,77.36585365853658,0.4268292682926829,1012.6085365853658,1.3231707317073171,143.47560975609755,23.851219512195122,104.43173,14.895238095238094,59.654761904761905,0.07142857142857142,1019.4571428571428,1.4059523809523806,131.42857142857142,23.510714285714283,95.675824,15.20421052631579,53.4,0.042105263157894736,1018.9305263157893,1.3221052631578945,127.18947368421053,22.71263157894737,94.571253,17.449549549549552,54.15765765765766,0.0,1018.3666666666666,1.1270270270270266,138.07207207207207,30.13963963963964,89.233273,17
21,DEV,2023,Australia Grand Prix,AlphaTauri,18.069354838709682,61.83870967741935,0.0,1012.4725806451611,1.1564516129032254,180.59677419354838,32.34516129032258,94.75375,15.930487804878046,77.36585365853658,0.4268292682926829,1012.6085365853658,1.3231707317073171,143.47560975609755,23.851219512195122,94.635446,14.895238095238094,59.654761904761905,0.07142857142857142,1019.4571428571428,1.4059523809523806,131.42857142857142,23.510714285714283,98.831601,15.20421052631579,53.4,0.042105263157894736,1018.9305263157893,1.3221052631578945,127.18947368421053,22.71263157894737,94.940798,17.449549549549552,54.15765765765766,0.0,1018.3666666666666,1.1270270270270266,138.07207207207207,30.13963963963964,92.791578,15
22,TSU,2023,Australia Grand Prix,AlphaTauri,18.069354838709682,61.83870967741935,0.0,1012.4725806451611,1.1564516129032254,180.59677419354838,32.34516129032258,102.961702,15.930487804878046,77.36585365853658,0.4268292682926829,1012.6085365853658,1.3231707317073171,143.47560975609755,23.851219512195122,98.652999,14.895238095238094,59.654761904761905,0.07142857142857142,1019.4571428571428,1.4059523809523806,131.42857142857142,23.510714285714283,101.513118,15.20421052631579,53.4,0.042105263157894736,1018.9305263157893,1.3221052631578945,127.18947368421053,22.71263157894737,96.245123,17.449549549549552,54.15765765765766,0.0,1018.3666666666666,1.1270270270270266,138.07207207207207,30.13963963963964,93.050812,10
23,ALB,2023,Australia Grand Prix,Williams,18.069354838709682,61.83870967741935,0.0,1012.4725806451611,1.1564516129032254,180.59677419354838,32.34516129032258,99.819698,15.930487804878046,77.36585365853658,0.4268292682926829,1012.6085365853658,1.3231707317073171,143.47560975609755,23.851219512195122,95.028069,14.895238095238094,59.654761904761905,0.07142857142857142,1019.4571428571428,1.4059523809523806,131.42857142857142,23.510714285714283,99.682492,15.20421052631579,53.4,0.042105263157894736,1018.9305263157893,1.3221052631578945,127.18947368421053,22.71263157894737,94.702215,17.449549549549552,54.15765765765766,0.0,1018.3666666666666,1.1270270270270266,138.07207207207207,30.13963963963964,102.834599,R
24,ZHO,2023,Australia Grand Prix,Alfa Romeo,18.069354838709682,61.83870967741935,0.0,1012.4725806451611,1.1564516129032254,180.59677419354838,32.34516129032258,94.751544,15.930487804878046,77.36585365853658,0.4268292682926829,1012.6085365853658,1.3231707317073171,143.47560975609755,23.851219512195122,98.414645,14.895238095238094,59.654761904761905,0.07142857142857142,1019.4571428571428,1.4059523809523806,131.42857142857142,23.510714285714283,96.631816,15.20421052631579,53.4,0.042105263157894736,1018.9305263157893,1.3221052631578945,127.18947368421053,22.71263157894737,95.0366,17.449549549549552,54.15765765765766,0.0,1018.3666666666666,1.1270270270270266,138.07207207207207,30.13963963963964,92.907854,9
27,HUL,2023,Australia Grand Prix,Haas F1 Team,18.069354838709682,61.83870967741935,0.0,1012.4725806451611,1.1564516129032254,180.59677419354838,32.34516129032258,92.854208,15.930487804878046,77.36585365853658,0.4268292682926829,1012.6085365853658,1.3231707317073171,143.47560975609755,23.851219512195122,101.676223,14.895238095238094,59.654761904761905,0.07142857142857142,1019.4571428571428,1.4059523809523806,131.42857142857142,23.510714285714283,92.244035,15.20421052631579,53.4,0.042105263157894736,1018.9305263157893,1.3221052631578945,127.18947368421053,22.71263157894737,92.628305,17.449549549549552,54.15765765765766,0.0,1018.3666666666666,1.1270270270270266,138.07207207207207,30.13963963963964,90.918625,7
31,OCO,2023,Australia Grand Prix,Alpine,18.069354838709682,61.83870967741935,0.0,1012.4725806451611,1.1564516129032254,180.59677419354838,32.34516129032258,94.869002,15.930487804878046,77.36585365853658,0.4268292682926829,1012.6085365853658,1.3231707317073171,143.47560975609755,23.851219512195122,97.428944,14.895238095238094,59.654761904761905,0.07142857142857142,1019.4571428571428,1.4059523809523806,131.42857142857142,23.510714285714283,95.22981,15.20421052631579,53.4,0.042105263157894736,1018.9305263157893,1.3221052631578945,127.18947368421053,22.71263157894737,94.104694,17.449549549549552,54.15765765765766,0.0,1018.3666666666666,1.1270270270270266,138.07207207207207,30.13963963963964,90.314822,14
44,HAM,2023,Australia Grand Prix,Mercedes,18.069354838709682,61.83870967741935,0.0,1012.4725806451611,1.1564516129032254,180.59677419354838,32.34516129032258,95.211888,15.930487804878046,77.36585365853658,0.4268292682926829,1012.6085365853658,1.3231707317073171,143.47560975609755,23.851219512195122,98.4089,14.895238095238094,59.654761904761905,0.07142857142857142,1019.4571428571428,1.4059523809523806,131.42857142857142,23.510714285714283,91.238276,15.20421052631579,53.4,0.042105263157894736,1018.9305263157893,1.3221052631578945,127.18947368421053,22.71263157894737,91.71484,17.449549549549552,54.15765765765766,0.0,1018.3666666666666,1.1270270270270266,138.07207207207207,30.13963963963964,92.841777,2
55,SAI,2023,Australia Grand Prix,Ferrari,18.069354838709682,61.83870967741935,0.0,1012.4725806451611,1.1564516129032254,180.59677419354838,32.34516129032258,93.233905,15.930487804878046,77.36585365853658,0.4268292682926829,1012.6085365853658,1.3231707317073171,143.47560975609755,23.851219512195122,100.52183,14.895238095238094,59.654761904761905,0.07142857142857142,1019.4571428571428,1.4059523809523806,131.42857142857142,23.510714285714283,95.916718,15.20421052631579,53.4,0.042105263157894736,1018.9305263157893,1.3221052631578945,127.18947368421053,22.71263157894737,101.063279,17.449549549549552,54.15765765765766,0.0,1018.3666666666666,1.1270270270270266,138.07207207207207,30.13963963963964,91.943245,12
63,RUS,2023,Australia Grand Prix,Mercedes,18.069354838709682,61.83870967741935,0.0,1012.4725806451611,1.1564516129032254,180.59677419354838,32.34516129032258,96.513199,15.930487804878046,77.36585365853658,0.4268292682926829,1012.6085365853658,1.3231707317073171,143.47560975609755,23.851219512195122,94.751983,14.895238095238094,59.654761904761905,0.07142857142857142,1019.4571428571428,1.4059523809523806,131.42857142857142,23.510714285714283,89.555999,15.20421052631579,53.4,0.042105263157894736,1018.9305263157893,1.3221052631578945,127.18947368421053,22.71263157894737,91.275452,17.449549549549552,54.15765765765766,0.0,1018.3666666666666,1.1270270270270266,138.07207207207207,30.13963963963964,98.430147,R
77,BOT,2023,Australia Grand Prix,Alfa Romeo,18.069354838709682,61.83870967741935,0.0,1012.4725806451611,1.1564516129032254,180.59677419354838,32.34516129032258,94.852219,15.930487804878046,77.36585365853658,0.4268292682926829,1012.6085365853658,1.3231707317073171,143.47560975609755,23.851219512195122,98.909363,14.895238095238094,59.654761904761905,0.07142857142857142,1019.4571428571428,1.4059523809523806,131.42857142857142,23.510714285714283,93.672862,15.20421052631579,53.4,0.042105263157894736,1018.9305263157893,1.3221052631578945,127.18947368421053,22.71263157894737,90.832666,17.449549549549552,54.15765765765766,0.0,1018.3666666666666,1.1270270270270266,138.07207207207207,30.13963963963964,93.862869,11
81,PIA,2023,Australia Grand Prix,McLaren,18.069354838709682,61.83870967741935,0.0,1012.4725806451611,1.1564516129032254,180.59677419354838,32.34516129032258,97.556236,15.930487804878046,77.36585365853658,0.4268292682926829,1012.6085365853658,1.3231707317073171,143.47560975609755,23.851219512195122,97.426807,14.895238095238094,59.654761904761905,0.07142857142857142,1019.4571428571428,1.4059523809523806,131.42857142857142,23.510714285714283,96.399865,15.20421052631579,53.4,0.042105263157894736,1018.9305263157893,1.3221052631578945,127.18947368421053,22.71263157894737,98.091325,17.449549549549552,54.15765765765766,0.0,1018.3666666666666,1.1270270270270266,138.07207207207207,30.13963963963964,92.682057,8
1,VER,2022,Australia Grand Prix,Red Bull Racing,21.23164556962025,56.620253164556964,0.0,1020.986075949367,0.7189873417721518,150.35443037974684,37.897468354430366,103.836086,20.782278481012668,65.9620253164557,0.0,1019.8354430379745,0.7860759493670886,115.50632911392405,29.450632911392404,95.561854,24.632432432432427,50.054054054054056,0.0,1017.6175675675676,1.054054054054054,229.47297297297297,32.47297297297297,101.611524,23.237837837837834,57.65765765765766,0.0,1017.3486486486486,1.1846846846846846,262.1711711711712,29.152252252252254,93.272831,26.69743589743589,43.65384615384615,0.0,1014.2461538461537,1.8128205128205126,272.8397435897436,37.40833333333334,94.825633,R
3,RIC,2022,Australia Grand Prix,McLaren,21.23164556962025,56.620253164556964,0.0,1020.986075949367,0.7189873417721518,150.35443037974684,37.897468354430366,96.482265,20.782278481012668,65.9620253164557,0.0,1019.8354430379745,0.7860759493670886,115.50632911392405,29.450632911392404,94.429719,24.632432432432427,50.054054054054056,0.0,1017.6175675675676,1.054054054054054,229.47297297297297,32.47297297297297,107.025992,23.237837837837834,57.65765765765766,0.0,1017.3486486486486,1.1846846846846846,262.1711711711712,29.152252252252254,97.793071,26.69743589743589,43.65384615384615,0.0,1014.2461538461537,1.8128205128205126,272.8397435897436,37.40833333333334,91.619447,6
4,NOR,2022,Australia Grand Prix,McLaren,21.23164556962025,56.620253164556964,0.0,1020.986075949367,0.7189873417721518,150.35443037974684,37.897468354430366,96.174222,20.782278481012668,65.9620253164557,0.0,1019.8354430379745,0.7860759493670886,115.50632911392405,29.450632911392404,95.460791,24.632432432432427,50.054054054054056,0.0,1017.6175675675676,1.054054054054054,229.47297297297297,32.47297297297297,107.175083,23.237837837837834,57.65765765765766,0.0,1017.3486486486486,1.1846846846846846,262.1711711711712,29.152252252252254,97.935083,26.69743589743589,43.65384615384615,0.0,1014.2461538461537,1.8128205128205126,272.8397435897436,37.40833333333334,91.6178,5
5,VET,2022,Australia Grand Prix,Aston Martin,21.23164556962025,56.620253164556964,0.0,1020.986075949367,0.7189873417721518,150.35443037974684,37.897468354430366,96.978555,,,,,,,,,24.632432432432427,50.054054054054056,0.0,1017.6175675675676,1.054054054054054,229.47297297297297,32.47297297297297,101.2468,23.237837837837834,57.65765765765766,0.0,1017.3486486486486,1.1846846846846846,262.1711711711712,29.152252252252254,96.848666,26.69743589743589,43.65384615384615,0.0,1014.2461538461537,1.8128205128205126,272.8397435897436,37.40833333333334,94.265422,R
6,LAT,2022,Australia Grand Prix,Williams,21.23164556962025,56.620253164556964,0.0,1020.986075949367,0.7189873417721518,150.35443037974684,37.897468354430366,100.174583,20.782278481012668,65.9620253164557,0.0,1019.8354430379745,0.7860759493670886,115.50632911392405,29.450632911392404,99.400308,24.632432432432427,50.054054054054056,0.0,1017.6175675675676,1.054054054054054,229.47297297297297,32.47297297297297,105.01904,23.237837837837834,57.65765765765766,0.0,1017.3486486486486,1.1846846846846846,262.1711711711712,29.152252252252254,102.705,26.69743589743589,43.65384615384615,0.0,1014.2461538461537,1.8128205128205126,272.8397435897436,37.40833333333334,92.405007,16
10,GAS,2022,Australia Grand Prix,AlphaTauri,21.23164556962025,56.620253164556964,0.0,1020.986075949367,0.7189873417721518,150.35443037974684,37.897468354430366,101.189448,20.782278481012668,65.9620253164557,0.0,1019.8354430379745,0.7860759493670886,115.50632911392405,29.450632911392404,96.511988,24.632432432432427,50.054054054054056,0.0,1017.6175675675676,1.054054054054054,229.47297297297297,32.47297297297297,102.718903,23.237837837837834,57.65765765765766,0.0,1017.3486486486486,1.1846846846846846,262.1711711711712,29.152252252252254,98.823659,26.69743589743589,43.65384615384615,0.0,1014.2461538461537,1.8128205128205126,272.8397435897436,37.40833333333334,91.994837,9
11,PER,2022,Australia Grand Prix,Red Bull Racing,21.23164556962025,56.620253164556964,0.0,1020.986075949367,0.7189873417721518,150.35443037974684,37.897468354430366,105.314586,20.782278481012668,65.9620253164557,0.0,1019.8354430379745,0.7860759493670886,115.50632911392405,29.450632911392404,95.998819,24.632432432432427,50.054054054054056,0.0,1017.6175675675676,1.054054054054054,229.47297297297297,32.47297297297297,98.262614,23.237837837837834,57.65765765765766,0.0,1017.3486486486486,1.1846846846846846,262.1711711711712,29.152252252252254,94.54795,26.69743589743589,43.65384615384615,0.0,1014.2461538461537,1.8128205128205126,272.8397435897436,37.40833333333334,91.068212,2
14,ALO,2022,Australia Grand Prix,Alpine,21.23164556962025,56.620253164556964,0.0,1020.986075949367,0.7189873417721518,150.35443037974684,37.897468354430366,93.55912,20.782278481012668,65.9620253164557,0.0,1019.8354430379745,0.7860759493670886,115.50632911392405,29.450632911392404,93.819272,24.632432432432427,50.054054054054056,0.0,1017.6175675675676,1.054054054054054,229.47297297297297,32.47297297297297,100.268916,23.237837837837834,57.65765765765766,0.0,1017.3486486486486,1.1846846846846846,262.1711711711712,29.152252252252254,94.91211,26.69743589743589,43.65384615384615,0.0,1014.2461538461537,1.8128205128205126,272.8397435897436,37.40833333333334,92.803083,17
16,LEC,2022,Australia Grand Prix,Ferrari,21.23164556962025,56.620253164556964,0.0,1020.986075949367,0.7189873417721518,150.35443037974684,37.897468354430366,101.946694,20.782278481012668,65.9620253164557,0.0,1019.8354430379745,0.7860759493670886,115.50632911392405,29.450632911392404,101.240995,24.632432432432427,50.054054054054056,0.0,1017.6175675675676,1.054054054054054,229.47297297297297,32.47297297297297,103.160111,23.237837837837834,57.65765765765766,0.0,1017.3486486486486,1.1846846846846846,262.1711711711712,29.152252252252254,100.860794,26.69743589743589,43.65384615384615,0.0,1014.2461538461537,1.8128205128205126,272.8397435897436,37.40833333333334,90.752457,1
18,STR,2022,Australia Grand Prix,Aston Martin,21.23164556962025,56.620253164556964,0.0,1020.986075949367,0.7189873417721518,150.35443037974684,37.897468354430366,102.232441,20.782278481012668,65.9620253164557,0.0,1019.8354430379745,0.7860759493670886,115.50632911392405,29.450632911392404,94.837824,24.632432432432427,50.054054054054056,0.0,1017.6175675675676,1.054054054054054,229.47297297297297,32.47297297297297,104.722113,23.237837837837834,57.65765765765766,0.0,1017.3486486486486,1.1846846846846846,262.1711711711712,29.152252252252254,102.415,26.69743589743589,43.65384615384615,0.0,1014.2461538461537,1.8128205128205126,272.8397435897436,37.40833333333334,92.067477,12
20,MAG,2022,Australia Grand Prix,Haas F1 Team,21.23164556962025,56.620253164556964,0.0,1020.986075949367,0.7189873417721518,150.35443037974684,37.897468354430366,98.216466,20.782278481012668,65.9620253164557,0.0,1019.8354430379745,0.7860759493670886,115.50632911392405,29.450632911392404,96.859251,24.632432432432427,50.054054054054056,0.0,1017.6175675675676,1.054054054054054,229.47297297297297,32.47297297297297,103.505153,23.237837837837834,57.65765765765766,0.0,1017.3486486486486,1.1846846846846846,262.1711711711712,29.152252252252254,90.886743,26.69743589743589,43.65384615384615,0.0,1014.2461538461537,1.8128205128205126,272.8397435897436,37.40833333333334,92.303276,14
22,TSU,2022,Australia Grand Prix,AlphaTauri,21.23164556962025,56.620253164556964,0.0,1020.986075949367,0.7189873417721518,150.35443037974684,37.897468354430366,97.659419,20.782278481012668,65.9620253164557,0.0,1019.8354430379745,0.7860759493670886,115.50632911392405,29.450632911392404,94.056758,24.632432432432427,50.054054054054056,0.0,1017.6175675675676,1.054054054054054,229.47297297297297,32.47297297297297,102.286249,23.237837837837834,57.65765765765766,0.0,1017.3486486486486,1.1846846846846846,262.1711711711712,29.152252252252254,102.732009,26.69743589743589,43.65384615384615,0.0,1014.2461538461537,1.8128205128205126,272.8397435897436,37.40833333333334,92.370166,15
23,ALB,2022,Australia Grand Prix,Williams,21.23164556962025,56.620253164556964,0.0,1020.986075949367,0.7189873417721518,150.35443037974684,37.897468354430366,98.460967,20.782278481012668,65.9620253164557,0.0,1019.8354430379745,0.7860759493670886,115.50632911392405,29.450632911392404,96.318837,24.632432432432427,50.054054054054056,0.0,1017.6175675675676,1.054054054054054,229.47297297297297,32.47297297297297,100.734535,23.237837837837834,57.65765765765766,0.0,1017.3486486486486,1.1846846846846846,262.1711711711712,29.152252252252254,94.541379,26.69743589743589,43.65384615384615,0.0,1014.2461538461537,1.8128205128205126,272.8397435897436,37.40833333333334,91.990527,10
24,ZHO,2022,Australia Grand Prix,Alfa Romeo,21.23164556962025,56.620253164556964,0.0,1020.986075949367,0.7189873417721518,150.35443037974684,37.897468354430366,102.646015,20.782278481012668,65.9620253164557,0.0,1019.8354430379745,0.7860759493670886,115.50632911392405,29.450632911392404,97.929428,24.632432432432427,50.054054054054056,0.0,1017.6175675675676,1.054054054054054,229.47297297297297,32.47297297297297,104.95652,23.237837837837834,57.65765765765766,0.0,1017.3486486486486,1.1846846846846846,262.1711711711712,29.152252252252254,100.515708,26.69743589743589,43.65384615384615,0.0,1014.2461538461537,1.8128205128205126,272.8397435897436,37.40833333333334,92.056609,11
31,OCO,2022,Australia Grand Prix,Alpine,21.23164556962025,56.620253164556964,0.0,1020.986075949367,0.7189873417721518,150.35443037974684,37.897468354430366,100.852537,20.782278481012668,65.9620253164557,0.0,1019.8354430379745,0.7860759493670886,115.50632911392405,29.450632911392404,93.045226,24.632432432432427,50.054054054054056,0.0,1017.6175675675676,1.054054054054054,229.47297297297297,32.47297297297297,99.091232,23.237837837837834,57.65765765765766,0.0,1017.3486486486486,1.1846846846846846,262.1711711711712,29.152252252252254,93.77734,26.69743589743589,43.65384615384615,0.0,1014.2461538461537,1.8128205128205126,272.8397435897436,37.40833333333334,91.748242,7
44,HAM,2022,Australia Grand Prix,Mercedes,21.23164556962025,56.620253164556964,0.0,1020.986075949367,0.7189873417721518,150.35443037974684,37.897468354430366,93.964428,20.782278481012668,65.9620253164557,0.0,1019.8354430379745,0.7860759493670886,115.50632911392405,29.450632911392404,95.772715,24.632432432432427,50.054054054054056,0.0,1017.6175675675676,1.054054054054054,229.47297297297297,32.47297297297297,96.186909,23.237837837837834,57.65765765765766,0.0,1017.3486486486486,1.1846846846846846,262.1711711711712,29.152252252252254,93.110478,26.69743589743589,43.65384615384615,0.0,1014.2461538461537,1.8128205128205126,272.8397435897436,37.40833333333334,91.213549,4
47,MSC,2022,Australia Grand Prix,Haas F1 Team,21.23164556962025,56.620253164556964,0.0,1020.986075949367,0.7189873417721518,150.35443037974684,37.897468354430366,101.254902,20.782278481012668,65.9620253164557,0.0,1019.8354430379745,0.7860759493670886,115.50632911392405,29.450632911392404,98.284984,24.632432432432427,50.054054054054056,0.0,1017.6175675675676,1.054054054054054,229.47297297297297,32.47297297297297,101.656548,23.237837837837834,57.65765765765766,0.0,1017.3486486486486,1.1846846846846846,262.1711711711712,29.152252252252254,93.876738,26.69743589743589,43.65384615384615,0.0,1014.2461538461537,1.8128205128205126,272.8397435897436,37.40833333333334,92.281494,13
55,SAI,2022,Australia Grand Prix,Ferrari,21.23164556962025,56.620253164556964,0.0,1020.986075949367,0.7189873417721518,150.35443037974684,37.897468354430366,97.208043,20.782278481012668,65.9620253164557,0.0,1019.8354430379745,0.7860759493670886,115.50632911392405,29.450632911392404,100.252779,24.632432432432427,50.054054054054056,0.0,1017.6175675675676,1.054054054054054,229.47297297297297,32.47297297297297,109.116482,23.237837837837834,57.65765765765766,0.0,1017.3486486486486,1.1846846846846846,262.1711711711712,29.152252252252254,100.400331,26.69743589743589,43.65384615384615,0.0,1014.2461538461537,1.8128205128205126,272.8397435897436,37.40833333333334,59.143,R
63,RUS,2022,Australia Grand Prix,Mercedes,21.23164556962025,56.620253164556964,0.0,1020.986075949367,0.7189873417721518,150.35443037974684,37.897468354430366,93.209225,20.782278481012668,65.9620253164557,0.0,1019.8354430379745,0.7860759493670886,115.50632911392405,29.450632911392404,96.364613,24.632432432432427,50.054054054054056,0.0,1017.6175675675676,1.054054054054054,229.47297297297297,32.47297297297297,93.571761,23.237837837837834,57.65765765765766,0.0,1017.3486486486486,1.1846846846846846,262.1711711711712,29.152252252252254,95.33671,26.69743589743589,43.65384615384615,0.0,1014.2461538461537,1.8128205128205126,272.8397435897436,37.40833333333334,91.144047,3
77,BOT,2022,Australia Grand Prix,Alfa Romeo,21.23164556962025,56.620253164556964,0.0,1020.986075949367,0.7189873417721518,150.35443037974684,37.897468354430366,98.834232,20.782278481012668,65.9620253164557,0.0,1019.8354430379745,0.7860759493670886,115.50632911392405,29.450632911392404,97.322594,24.632432432432427,50.054054054054056,0.0,1017.6175675675676,1.054054054054054,229.47297297297297,32.47297297297297,99.76152,23.237837837837834,57.65765765765766,0.0,1017.3486486486486,1.1846846846846846,262.1711711711712,29.152252252252254,95.11323,26.69743589743589,43.65384615384615,0.0,1014.2461538461537,1.8128205128205126,272.8397435897436,37.40833333333334,91.84412,8
3,RIC,2021,Australia Grand Prix,McLaren,18.4575,50.25875,0.0125,938.6925000000001,0.33125,116.9875,31.684999999999995,80.35639,19.639506172839507,42.02592592592593,0.5925925925925926,938.6592592592592,0.3888888888888889,204.01234567901236,31.250617283950618,81.177625,23.003797468354435,32.9139240506329,0.0,938.1405063291138,0.4113924050632912,109.48101265822785,47.60632911392405,86.016627,25.61818181818182,27.205194805194807,0.0,936.3272727272731,0.32597402597402597,132.5974025974026,51.72077922077922,85.846078,20.96602564102564,49.73076923076923,0.038461538461538464,934.7211538461538,0.34807692307692306,132.56410256410257,33.18397435897436,71.691714,7
4,NOR,2021,Australia Grand Prix,McLaren,18.4575,50.25875,0.0125,938.6925000000001,0.33125,116.9875,31.684999999999995,82.72488,19.639506172839507,42.02592592592593,0.5925925925925926,938.6592592592592,0.3888888888888889,204.01234567901236,31.250617283950618,79.284649,23.003797468354435,32.9139240506329,0.0,938.1405063291138,0.4113924050632912,109.48101265822785,47.60632911392405,84.573338,25.61818181818182,27.205194805194807,0.0,936.3272727272731,0.32597402597402597,132.5974025974026,51.72077922077922,86.232247,20.96602564102564,49.73076923076923,0.038461538461538464,934.7211538461538,0.34807692307692306,132.56410256410257,33.18397435897436,71.157235,3
5,VET,2021,Australia Grand Prix,Aston Martin,18.4575,50.25875,0.0125,938.6925000000001,0.33125,116.9875,31.684999999999995,85.91872,19.639506172839507,42.02592592592593,0.5925925925925926,938.6592592592592,0.3888888888888889,204.01234567901236,31.250617283950618,77.841921,23.003797468354435,32.9139240506329,0.0,938.1405063291138,0.4113924050632912,109.48101265822785,47.60632911392405,90.808439,25.61818181818182,27.205194805194807,0.0,936.3272727272731,0.32597402597402597,132.5974025974026,51.72077922077922,86.384691,20.96602564102564,49.73076923076923,0.038461538461538464,934.7211538461538,0.34807692307692306,132.56410256410257,33.18397435897436,72.621335,17
6,LAT,2021,Australia Grand Prix,Williams,18.4575,50.25875,0.0125,938.6925000000001,0.33125,116.9875,31.684999999999995,78.934087,19.639506172839507,42.02592592592593,0.5925925925925926,938.6592592592592,0.3888888888888889,204.01234567901236,31.250617283950618,78.733325,23.003797468354435,32.9139240506329,0.0,938.1405063291138,0.4113924050632912,109.48101265822785,47.60632911392405,96.360025,25.61818181818182,27.205194805194807,0.0,936.3272727272731,0.32597402597402597,132.5974025974026,51.72077922077922,84.2556,20.96602564102564,49.73076923076923,0.038461538461538464,934.7211538461538,0.34807692307692306,132.56410256410257,33.18397435897436,72.460391,16
7,RAI,2021,Australia Grand Prix,Alfa Romeo Racing,18.4575,50.25875,0.0125,938.6925000000001,0.33125,116.9875,31.684999999999995,91.537041,19.639506172839507,42.02592592592593,0.5925925925925926,938.6592592592592,0.3888888888888889,204.01234567901236,31.250617283950618,80.555792,23.003797468354435,32.9139240506329,0.0,938.1405063291138,0.4113924050632912,109.48101265822785,47.60632911392405,89.077012,25.61818181818182,27.205194805194807,0.0,936.3272727272731,0.32597402597402597,132.5974025974026,51.72077922077922,87.033777,20.96602564102564,49.73076923076923,0.038461538461538464,934.7211538461538,0.34807692307692306,132.56410256410257,33.18397435897436,72.493117,15
9,MAZ,2021,Australia Grand Prix,Haas F1 Team,18.4575,50.25875,0.0125,938.6925000000001,0.33125,116.9875,31.684999999999995,91.657396,19.639506172839507,42.02592592592593,0.5925925925925926,938.6592592592592,0.3888888888888889,204.01234567901236,31.250617283950618,81.696631,23.003797468354435,32.9139240506329,0.0,938.1405063291138,0.4113924050632912,109.48101265822785,47.60632911392405,85.480351,25.61818181818182,27.205194805194807,0.0,936.3272727272731,0.32597402597402597,132.5974025974026,51.72077922077922,83.743777,20.96602564102564,49.73076923076923,0.038461538461538464,934.7211538461538,0.34807692307692306,132.56410256410257,33.18397435897436,73.716656,19
10,GAS,2021,Australia Grand Prix,AlphaTauri,18.4575,50.25875,0.0125,938.6925000000001,0.33125,116.9875,31.684999999999995,82.859281,19.639506172839507,42.02592592592593,0.5925925925925926,938.6592592592592,0.3888888888888889,204.01234567901236,31.250617283950618,79.9072,23.003797468354435,32.9139240506329,0.0,938.1405063291138,0.4113924050632912,109.48101265822785,47.60632911392405,89.89237,25.61818181818182,27.205194805194807,0.0,936.3272727272731,0.32597402597402597,132.5974025974026,51.72077922077922,83.040621,20.96602564102564,49.73076923076923,0.038461538461538464,934.7211538461538,0.34807692307692306,132.56410256410257,33.18397435897436,71.73269,9
11,PER,2021,Australia Grand Prix,Red Bull Racing,18.4575,50.25875,0.0125,938.6925000000001,0.33125,116.9875,31.684999999999995,85.109616,19.639506172839507,42.02592592592593,0.5925925925925926,938.6592592592592,0.3888888888888889,204.01234567901236,31.250617283950618,77.538888,23.003797468354435,32.9139240506329,0.0,938.1405063291138,0.4113924050632912,109.48101265822785,47.60632911392405,92.283405,25.61818181818182,27.205194805194807,0.0,936.3272727272731,0.32597402597402597,132.5974025974026,51.72077922077922,85.232978,20.96602564102564,49.73076923076923,0.038461538461538464,934.7211538461538,0.34807692307692306,132.56410256410257,33.18397435897436,71.539288,6
16,LEC,2021,Australia Grand Prix,Ferrari,18.4575,50.25875,0.0125,938.6925000000001,0.33125,116.9875,31.684999999999995,80.698319,19.639506172839507,42.02592592592593,0.5925925925925926,938.6592592592592,0.3888888888888889,204.01234567901236,31.250617283950618,81.700982,23.003797468354435,32.9139240506329,0.0,938.1405063291138,0.4113924050632912,109.48101265822785,47.60632911392405,90.99345,25.61818181818182,27.205194805194807,0.0,936.3272727272731,0.32597402597402597,132.5974025974026,51.72077922077922,87.305327,20.96602564102564,49.73076923076923,0.038461538461538464,934.7211538461538,0.34807692307692306,132.56410256410257,33.18397435897436,71.704001,8
18,STR,2021,Australia Grand Prix,Aston Martin,18.4575,50.25875,0.0125,938.6925000000001,0.33125,116.9875,31.684999999999995,80.13438,19.639506172839507,42.02592592592593,0.5925925925925926,938.6592592592592,0.3888888888888889,204.01234567901236,31.250617283950618,79.259478,23.003797468354435,32.9139240506329,0.0,938.1405063291138,0.4113924050632912,109.48101265822785,47.60632911392405,90.756235,25.61818181818182,27.205194805194807,0.0,936.3272727272731,0.32597402597402597,132.5974025974026,51.72077922077922,81.765578,20.96602564102564,49.73076923076923,0.038461538461538464,934.7211538461538,0.34807692307692306,132.56410256410257,33.18397435897436,72.279327,13
22,TSU,2021,Australia Grand Prix,AlphaTauri,18.4575,50.25875,0.0125,938.6925000000001,0.33125,116.9875,31.684999999999995,81.93656,19.639506172839507,42.02592592592593,0.5925925925925926,938.6592592592592,0.3888888888888889,204.01234567901236,31.250617283950618,80.656421,23.003797468354435,32.9139240506329,0.0,938.1405063291138,0.4113924050632912,109.48101265822785,47.60632911392405,91.974745,25.61818181818182,27.205194805194807,0.0,936.3272727272731,0.32597402597402597,132.5974025974026,51.72077922077922,84.175171,20.96602564102564,49.73076923076923,0.038461538461538464,934.7211538461538,0.34807692307692306,132.56410256410257,33.18397435897436,72.189043,12
31,OCO,2021,Australia Grand Prix,Alpine,18.4575,50.25875,0.0125,938.6925000000001,0.33125,116.9875,31.684999999999995,90.623755,19.639506172839507,42.02592592592593,0.5925925925925926,938.6592592592592,0.3888888888888889,204.01234567901236,31.250617283950618,80.334848,23.003797468354435,32.9139240506329,0.0,938.1405063291138,0.4113924050632912,109.48101265822785,47.60632911392405,81.646373,25.61818181818182,27.205194805194807,0.0,936.3272727272731,0.32597402597402597,132.5974025974026,51.72077922077922,78.586499,20.96602564102564,49.73076923076923,0.038461538461538464,934.7211538461538,0.34807692307692306,132.56410256410257,33.18397435897436,0.0,R
33,VER,2021,Australia Grand Prix,Red Bull Racing,18.4575,50.25875,0.0125,938.6925000000001,0.33125,116.9875,31.684999999999995,82.243274,19.639506172839507,42.02592592592593,0.5925925925925926,938.6592592592592,0.3888888888888889,204.01234567901236,31.250617283950618,77.828438,23.003797468354435,32.9139240506329,0.0,938.1405063291138,0.4113924050632912,109.48101265822785,47.60632911392405,92.210138,25.61818181818182,27.205194805194807,0.0,936.3272727272731,0.32597402597402597,132.5974025974026,51.72077922077922,82.298299,20.96602564102564,49.73076923076923,0.038461538461538464,934.7211538461538,0.34807692307692306,132.56410256410257,33.18397435897436,70.879178,1
37,ZHO,2021,Australia Grand Prix,Alpine,18.4575,50.25875,0.0125,938.6925000000001,0.33125,116.9875,31.684999999999995,86.745502,,,,,,,,,,,,,,,,,,,,,,,,,,,,,,,,,
44,HAM,2021,Australia Grand Prix,Mercedes,18.4575,50.25875,0.0125,938.6925000000001,0.33125,116.9875,31.684999999999995,83.960842,19.639506172839507,42.02592592592593,0.5925925925925926,938.6592592592592,0.3888888888888889,204.01234567901236,31.250617283950618,85.968375,23.003797468354435,32.9139240506329,0.0,938.1405063291138,0.4113924050632912,109.48101265822785,47.60632911392405,88.772875,25.61818181818182,27.205194805194807,0.0,936.3272727272731,0.32597402597402597,132.5974025974026,51.72077922077922,79.241996,20.96602564102564,49.73076923076923,0.038461538461538464,934.7211538461538,0.34807692307692306,132.56410256410257,33.18397435897436,71.521513,4
45,NIS,2021,Australia Grand Prix,Williams,18.4575,50.25875,0.0125,938.6925000000001,0.33125,116.9875,31.684999999999995,87.160256,,,,,,,,,,,,,,,,,,,,,,,,,,,,,,,,,
47,MSC,2021,Australia Grand Prix,Haas F1 Team,18.4575,50.25875,0.0125,938.6925000000001,0.33125,116.9875,31.684999999999995,91.360945,19.639506172839507,42.02592592592593,0.5925925925925926,938.6592592592592,0.3888888888888889,204.01234567901236,31.250617283950618,82.316745,23.003797468354435,32.9139240506329,0.0,938.1405063291138,0.4113924050632912,109.48101265822785,47.60632911392405,83.710804,25.61818181818182,27.205194805194807,0.0,936.3272727272731,0.32597402597402597,132.5974025974026,51.72077922077922,81.038222,20.96602564102564,49.73076923076923,0.038461538461538464,934.7211538461538,0.34807692307692306,132.56410256410257,33.18397435897436,72.976184,18
55,SAI,2021,Australia Grand Prix,Ferrari,18.4575,50.25875,0.0125,938.6925000000001,0.33125,116.9875,31.684999999999995,81.680072,19.639506172839507,42.02592592592593,0.5925925925925926,938.6592592592592,0.3888888888888889,204.01234567901236,31.250617283950618,84.346917,23.003797468354435,32.9139240506329,0.0,938.1405063291138,0.4113924050632912,109.48101265822785,47.60632911392405,94.332599,25.61818181818182,27.205194805194807,0.0,936.3272727272731,0.32597402597402597,132.5974025974026,51.72077922077922,89.045254,20.96602564102564,49.73076923076923,0.038461538461538464,934.7211538461538,0.34807692307692306,132.56410256410257,33.18397435897436,71.648157,5
77,BOT,2021,Australia Grand Prix,Mercedes,18.4575,50.25875,0.0125,938.6925000000001,0.33125,116.9875,31.684999999999995,80.685335,19.639506172839507,42.02592592592593,0.5925925925925926,938.6592592592592,0.3888888888888889,204.01234567901236,31.250617283950618,78.531609,23.003797468354435,32.9139240506329,0.0,938.1405063291138,0.4113924050632912,109.48101265822785,47.60632911392405,88.587752,25.61818181818182,27.205194805194807,0.0,936.3272727272731,0.32597402597402597,132.5974025974026,51.72077922077922,81.62373,20.96602564102564,49.73076923076923,0.038461538461538464,934.7211538461538,0.34807692307692306,132.56410256410257,33.18397435897436,71.112485,2
98,ILO,2021,Australia Grand Prix,Alfa Romeo Racing,18.4575,50.25875,0.0125,938.6925000000001,0.33125,116.9875,31.684999999999995,87.177754,,,,,,,,,,,,,,,,,,,,,,,,,,,,,,,,,
14,ALO,2021,Australia Grand Prix,Alpine,,,,,,,,,19.639506172839507,42.02592592592593,0.5925925925925926,938.6592592592592,0.3888888888888889,204.01234567901236,31.250617283950618,83.154754,23.003797468354435,32.9139240506329,0.0,938.1405063291138,0.4113924050632912,109.48101265822785,47.60632911392405,81.778552,25.61818181818182,27.205194805194807,0.0,936.3272727272731,0.32597402597402597,132.5974025974026,51.72077922077922,86.884277,20.96602564102564,49.73076923076923,0.038461538461538464,934.7211538461538,0.34807692307692306,132.56410256410257,33.18397435897436,72.010761,10
63,RUS,2021,Australia Grand Prix,Williams,,,,,,,,,19.639506172839507,42.02592592592593,0.5925925925925926,938.6592592592592,0.3888888888888889,204.01234567901236,31.250617283950618,78.044569,23.003797468354435,32.9139240506329,0.0,938.1405063291138,0.4113924050632912,109.48101265822785,47.60632911392405,97.144411,25.61818181818182,27.205194805194807,0.0,936.3272727272731,0.32597402597402597,132.5974025974026,51.72077922077922,83.629252,20.96602564102564,49.73076923076923,0.038461538461538464,934.7211538461538,0.34807692307692306,132.56410256410257,33.18397435897436,72.097461,11
99,GIO,2021,Australia Grand Prix,Alfa Romeo Racing,,,,,,,,,19.639506172839507,42.02592592592593,0.5925925925925926,938.6592592592592,0.3888888888888889,204.01234567901236,31.250617283950618,82.175808,23.003797468354435,32.9139240506329,0.0,938.1405063291138,0.4113924050632912,109.48101265822785,47.60632911392405,91.444231,25.61818181818182,27.205194805194807,0.0,936.3272727272731,0.32597402597402597,132.5974025974026,51.72077922077922,84.408618,20.96602564102564,49.73076923076923,0.038461538461538464,934.7211538461538,0.34807692307692306,132.56410256410257,33.18397435897436,72.384092,14
